timestep,episode,env_idx,episode_reward,episode_length,map_completeness,final_ate,mean_ate,path_length,collision_count,map_entropy,loop_closures_validated
200,1,0,-2065.589337,200,1.1403690648973668,56.09495762501859,43.66115028220217,16.930325415328287,128,4702.8768928514,3
400,2,0,-889.920548,200,0.5405405405405406,9.681923591653415,10.482316406452872,15.940518042850357,16,4792.167820719122,5
600,3,0,-826.345003,200,0.40535777229467745,4.07101397158465,6.319884293562081,18.04094014578171,20,4808.961413003089,5
800,4,0,-385.90983,200,0.25220680958385877,33.194594465597284,15.88407231321774,29.53280400799372,16,4795.894580585209,5
1000,5,0,-724.571633,200,1.2426284751474306,31.653479637394145,18.192715110527587,12.988789946651778,5,5170.058131688751,5
1200,6,0,-168.890804,200,0.16987542468856173,25.479145937369097,17.245422674846637,48.891544936390645,8,4536.515982457775,11
1400,7,0,-354.065088,200,0.435126582278481,8.674829857665292,14.714175914227296,38.98528913335138,6,4590.933291216361,9
1600,8,0,-119.157117,200,0.588716271463614,28.998231334667686,17.391875942032716,48.9879475110286,15,4670.691198096656,11
1800,9,0,-379.697696,200,0.8830869648684968,33.513726986732166,21.73871829857762,22.269293667105494,4,5251.357750984573,6
2000,10,0,-1.845636,200,0.17123287671232876,40.41868620126129,21.824903322189293,47.70416404718147,0,4449.958400137442,10
2200,11,0,-62.500154,200,1.3559322033898304,31.012708383799843,17.341731897705397,37.75395719301512,3,4268.511626558934,8
2400,12,0,-238.772329,200,0.21797045289416322,28.28549944770943,12.851483374579232,34.260216250874464,5,4677.601512181648,10
2600,13,0,-798.664371,200,0.38571188998826095,24.186418924174188,11.236410328002435,14.993410051808414,6,4993.317588282565,5
2800,14,0,-540.211991,200,1.7651888341543513,0.7373117208332022,8.449636138622754,31.866821243773657,19,4748.076023303946,8
3000,15,0,-612.37962,200,1.0443864229765014,30.718474378960885,10.089004483812454,23.923090294478833,12,4869.503146866885,7
3272,1,0,-103.44172,200,0.2488077959776073,28.096397437035368,56.20007530864599,55.81519229989545,3,5249.199257063111,10
3472,2,0,62.73461,200,0.184891706286318,58.58556644316738,77.85670966074838,36.13202037172107,0,4209.636569197511,12
3672,3,0,-1579.465875,200,1.329243353783231,2.977948147657273,5.228836411898382,7.893787073309539,31,5503.015070467339,3
3872,4,0,-617.458228,200,1.3256006628003314,21.987067893191135,8.758818798682286,20.678583148637014,4,5036.048331115419,6
4072,5,0,-255.113974,200,0.6621447028423773,38.8418241097039,13.088396130278333,34.821331350980465,2,4531.874008310095,9
4272,6,0,-143.302776,200,0.20876826722338204,35.04805734693949,28.045186546463388,34.10280804639153,4,4911.199372225893,9
4472,7,0,-71.764319,200,0.04657661853749418,30.483441619548937,22.289795546856045,43.12362312875885,1,4487.741113755471,9
4672,8,0,-492.74108,200,1.4282757193127718,10.772316899258485,12.84463611046454,15.353702500509598,1,4838.7098859123635,4
4872,9,0,-204.900802,200,0.5208333333333334,13.554570179671463,11.950260424291098,34.39767073520022,2,4316.871140439411,9
5072,10,0,55.04737,200,0.8866995073891626,32.699044741161636,29.573478826303084,46.008819337834105,0,3985.4842682641333,11
5272,11,0,-117.937833,200,1.2545739675901726,63.27289268843373,53.23017943453242,41.25128666660726,0,4961.1193039090085,10
5472,12,0,-495.247947,200,0.3595685177786656,13.496064668621456,13.068434461463594,31.43188089953828,16,4733.941243907153,8
5672,13,0,-691.14057,200,0.6815471119441131,18.125806303909407,13.387380101003481,14.489247147673872,7,4589.786231968623,5
5872,14,0,-273.393685,200,0.5041338979632991,45.67517045877853,37.907189246180195,42.39430069979553,2,5386.150711511813,10
6072,15,0,-729.240652,200,0.9850789511806461,15.927053049667018,12.836130771344624,15.832192744958755,3,5034.887507938672,6
6344,1,0,-64.558869,200,0.47688160895708065,12.727370796065092,13.845440327336075,51.71058490959088,0,4690.445052699661,12
6544,2,0,-645.267964,200,1.1726501894281076,22.556318705395913,13.434139924011555,18.036333841085046,7,4912.116487829941,7
6744,3,0,-63.016857,200,0.7520510483135825,40.575785470530576,18.15035980693334,45.69227683622925,2,4717.419556984676,12
6944,4,0,-645.103572,200,2.2463354273748335,22.587872825631205,16.094301726988174,27.71386180172253,12,5072.690346257307,7
7144,5,0,12.296304,200,0.8050847457627118,28.428067127293406,14.214806921258733,46.38202896542763,0,4455.174546591253,12
7344,6,0,-150.327024,200,0.8406131531234547,19.446343088005865,18.455136945692033,34.10824630082946,0,4803.421161986705,10
7544,7,0,-569.387943,200,0.7664233576642335,11.903569502587644,8.383333681326786,31.305934570364293,11,4817.817659610942,9
7744,8,0,-9.371455,200,0.9299307958477508,3.3712672648638073,26.64622236223041,44.872785064153646,5,3923.770675252633,11
7944,9,0,-117.972715,200,0.4703328509406657,26.66707608256519,19.162868090171408,30.181529079198548,0,4986.544112346264,9
8144,10,0,-269.412839,200,0.8809523809523809,28.123128726982586,17.52608596019561,43.42640623341354,12,4275.340714537403,10
8344,11,0,-10.560909,200,0.870561282932417,16.312615570846372,13.667883481723981,41.5771256039287,0,4128.460341908663,9
8544,12,0,-196.140775,200,0.9305492510213346,23.501268315213736,11.295266424360939,50.380355190066375,6,3894.985171566033,10
8744,13,0,-578.705614,200,1.831570996978852,19.12297759793783,13.280154349650926,36.51649448104924,31,4599.02105940937,7
8944,14,0,46.173505,200,0.3173687247547605,12.39565899067246,11.950770949368128,57.741961196614504,0,4005.6231275504224,11
9144,15,0,-883.331974,200,2.8284854563691075,10.591087370107832,10.690243332419541,15.960289322618268,39,5054.030705474311,6
9416,1,0,71.44066,200,0.3110097449720091,65.15147803081922,69.3184899342792,66.44244650065598,0,5065.740436467627,12
9616,2,0,-730.065163,200,0.7012888551933283,10.34496891636409,11.114663926224404,20.29986214591278,19,4998.691012372819,7
9816,3,0,-29.296306,200,0.9058352643775016,12.452166272136484,12.514741694853512,61.95726705019424,0,4066.7478413447975,11
10016,4,0,-498.970723,200,0.1817814582912543,7.113992415476621,9.164077648841491,61.07476990523585,31,4636.570088480044,11
10216,5,0,-776.732153,200,0.8244778307072188,14.637040394913946,9.94079325886618,30.78887677158321,52,4994.12535996181,9
10416,6,0,-153.618511,200,0.8283717318146518,10.297993287000763,18.353843969762416,72.92064651321745,19,3250.873733512355,12
10616,7,0,-336.209361,200,0.4144144144144144,42.53688443910881,22.046705605563005,54.330908159492786,28,4331.830449657253,8
10816,8,0,-952.100288,200,0.9536124131242929,11.381360583720152,7.959066942040785,32.555535086193636,53,4855.706925619895,7
11016,9,0,38.891805,200,0.47253396337861786,53.72356985266083,34.44505477063931,61.65401732063748,2,4155.079841669694,11
11216,10,0,-183.205282,200,0.28162403191739027,38.106513336849666,22.801744761023187,49.162307958181394,5,4635.599387726351,11
11416,11,0,-337.72286,200,0.708948074343744,24.420276286964747,11.651945199483293,48.96639534595496,15,4380.976519539178,9
11616,12,0,-55.534432,200,0.7117437722419929,54.62567599602469,16.882345430927455,60.60154067976955,4,4375.532955094355,11
11816,13,0,-245.170598,200,0.6659563132658498,23.6762086276261,17.952090736986605,56.45337466842127,8,4255.200551353026,12
12016,14,0,-558.129861,200,0.47419804741980476,10.34097524879793,7.816189645365427,37.620090854194146,19,4788.613633334402,7
12216,15,0,-72.842972,200,0.6969990319457889,4.900524920139283,10.358743520169526,42.82594969128374,0,4380.81298612402,11
12488,1,0,-316.913266,200,0.4561476259589467,89.31202980940121,71.81999236948117,49.843657141178596,12,5180.135171352933,4
12688,2,0,-23.137205,200,0.25225225225225223,31.900510307658692,24.67586028150385,47.05207553016193,0,4691.205442052571,11
12888,3,0,-499.230879,200,0.7899628252788105,6.914745699914363,11.517402392575768,39.34042240775577,18,4875.276715398304,10
13088,4,0,-650.165703,200,1.2698412698412698,8.867140924321637,5.910534927156311,35.72912444575202,33,5155.069099787588,10
13288,5,0,-24.393998,200,1.033532384014699,27.933392430393834,43.62891750817676,41.59760232585727,6,2857.0420041243083,8
13488,6,0,4.092279,200,0.11534025374855825,43.31287196744144,19.64338145414135,44.83735834707751,5,3770.5682397053542,12
13688,7,0,42.045977,200,0.5062223159670955,28.436839661693128,19.347307046150004,41.47734402063695,0,3893.567767049729,11
13888,8,0,-470.888947,200,1.5519917227108122,15.817428890889948,12.68908198743839,33.15458242680161,13,4595.630461855754,8
14088,9,0,-423.55448,200,0.49261083743842365,18.355056022788535,18.682022251337617,29.001124759271015,7,4880.574512118803,8
14288,10,0,7.967264,200,1.0379156958271554,18.394116934907302,15.800376588610268,40.30200065353859,1,3694.181237218001,10
14488,11,0,60.30942,200,0.6236601052426428,34.94473558036934,20.209994138209403,40.22058992020621,0,3519.6744563119933,10
14688,12,0,-250.750234,200,0.1400560224089636,28.671411804933932,13.952453854240794,37.13365515462421,10,4747.43706716676,9
14888,13,0,-105.619607,200,1.384909264565425,27.542249149983995,20.085411112886522,36.35245709621174,1,4076.6539919660195,10
15088,14,0,80.178545,200,1.034047919293821,24.964024853724847,24.38707221359195,41.39741762461557,0,4006.3014624015123,11
15288,15,0,-85.933062,200,0.2422661200149087,33.063121285198754,22.216091237278107,31.041155169111516,0,4754.7368811555025,10
15560,1,0,-238.041912,200,0.43541364296081275,24.708964091880368,25.486363657087427,54.69020290004955,9,4995.804328655189,11
15760,2,0,-10.778509,200,0.2677376171352075,24.724977337669504,17.03023838195282,42.88894101620324,3,4469.060348922363,11
15960,3,0,-226.925437,200,0.23296447291788003,21.197233953096845,11.887062347947335,39.3522067145146,10,4523.660836642335,10
16160,4,0,-60.158603,200,0.4426644182124789,9.514091623079914,24.3781299607254,53.23773933195897,1,4863.073381239079,12
16360,5,0,-245.873357,200,1.067556296914095,24.31180667692188,17.39998365554931,33.66085735608444,8,4034.8651583015535,7
16560,6,0,-298.408151,200,0.34120734908136485,17.989516614992393,16.765619994177918,46.95181453374434,5,4501.207838745794,11
16760,7,0,-67.507399,200,0.7137923094635045,11.551644702018974,10.634989508105393,47.39469367349961,1,4414.474136387097,12
16960,8,0,-154.960075,200,1.5777488614183475,1.5106386222945984,12.99552834587994,48.938451160427235,6,4739.070865845011,11
17160,9,0,-278.827064,200,0.5345306820611503,10.29947719325997,11.007530063349588,46.34017844285117,7,4787.542614547772,10
17360,10,0,-114.180346,200,0.4793863854266539,12.410899507746398,19.041997008204213,44.744374751185156,3,4285.064141365745,9
17560,11,0,-475.450202,200,0.7707553402334287,20.004504198052903,17.42945134249509,33.021962199030185,12,4435.779965124404,8
17760,12,0,-233.170477,200,0.18124150430448574,7.355185751254628,11.8561608086651,44.1070188766995,9,4225.29424558905,9
17960,13,0,-160.895389,200,0.05950019833399445,28.57236651923919,24.496866296209227,42.398324068533896,1,4965.223441902383,11
18160,14,0,-186.90476,200,1.0279001468428781,20.597992799235065,11.421943811446608,42.83297528872511,3,4250.346749096692,10
18360,15,0,-50.951837,200,0.5392242129065925,4.82078024762042,13.176498986447818,31.815664662349818,0,4658.517960643368,9
